report_path,dataset,vtype,classifier,run_id,method,accuracy,precision_macro,recall_macro,f1_macro,roc_auc,predicted_anomalies,true_anomalies,tn,fp,fn,tp,time_total,time_vectorization,time_feature_extraction,time_training,time_inference,vec_params,cls_params
runs/100K/v1/c/20260324-143516/report-config-2026-03-24-14_36_32.json,100K,v1,c,20260324-143516,v1+c,0.9981,0.9874090859775483,0.9985228753244122,0.992891834967401,0.9994072394441207,7289,7113,92704,183,7,7106,71.79887199401855,62.8005256652832,2.5994763374328613,2.5255727767944336,2.2112996578216553,"{""output_mode"": ""tf_idf"", ""output_sequence_length"": 200}","{""type"": ""c"", ""c"": 1.0}"
runs/100K/v1/lr/20260324-143952/report-config-2026-03-24-14_41_09.json,100K,v1,lr,20260324-143952,v1+lr,0.99998,0.9999892344626382,0.9998594123435962,0.999924313461334,0.9999787030594889,7111,7113,92887,0,2,7111,72.29650640487671,59.369643449783325,2.6324193477630615,6.575375556945801,2.0506467819213867,"{""output_mode"": ""tf_idf"", ""output_sequence_length"": 200}","{""type"": ""lr"", ""class_weight"": ""balanced"", ""c"": 1.0}"
runs/100K/v1/m/20260324-143400/report-config-2026-03-24-14_35_15.json,100K,v1,m,20260324-143400,v1+m,0.9981,0.9874090859775483,0.9985228753244122,0.992891834967401,0.9994072394441207,7289,7113,92704,183,7,7106,68.96723437309265,59.683027505874634,2.64398193359375,2.4555587768554688,2.2072854042053223,"{""output_mode"": ""tf_idf"", ""output_sequence_length"": 200}","{""type"": ""m"", ""c"": 1.0}"
runs/100K/v1/m/20260324-143400/report-universal-2026-03-14-20:30:36.json,100K,v1,m,20260324-143400,v1+m,0.9880478484136778,0.87859724438536,0.9928917499770908,0.9274636105416221,,4919,3732,95558,1194,7,3725,86.66352963447571,65.7928991317749,,4.444882154464722,13.234901666641235,"{""output_mode"": ""tf_idf"", ""output_sequence_length"": ""200""}","{""type"": ""m""}"
runs/100K/v1/m/20260324-143400/report-universal-2026-03-14-20:30:43.json,100K,v1,m,20260324-143400,v1+m,0.9872517017634649,0.8725378599309954,0.9924783218309027,0.9233088807532237,,4999,3732,95478,1274,7,3725,5.241347789764404,1.9195489883422852,,2.6665289402008057,0.03406667709350586,"{""max_features"": ""20000"", ""ngram_range"": ""1 2""}","{""type"": ""m""}"
runs/100K/v1/m/20260324-143400/report-universal-2026-03-14-20:30:59.json,100K,v1,m,20260324-143400,v1+m,0.962859758767565,0.4814298793837825,0.5,0.4905392524691233,,0,3732,96752,0,3732,0,14.79021954536438,7.8493711948394775,,6.006458759307861,0.06187629699707031,"{""vector_size"": ""100"", ""window"": ""5"", ""min_count"": ""1"", ""sg"": ""1""}","{""type"": ""m""}"
runs/100K/v1/m/20260324-143400/report-universal-2026-03-14-21:02:34.json,100K,v1,m,20260324-143400,v1+m,0.9369949444687712,0.6633962593806707,0.8353823561185859,0.7137978273591702,,8015,3732,91445,5307,1024,2708,1888.791471004486,624.6396174430847,,1262.2452600002289,0.3306460380554199,{},"{""type"": ""m""}"
runs/100K/v1/m/20260324-143400/report-universal-2026-03-14-21:03:28.json,100K,v1,m,20260324-143400,v1+m,0.9668603956848851,0.842665838024687,0.5878639829375146,0.6343754866673168,,930,3732,96488,264,3066,666,51.234761238098145,34.61897873878479,,15.775529861450195,0.08619403839111328,"{""vector_size"": ""100"", ""window"": ""5"", ""min_count"": ""1"", ""sg"": ""1""}","{""type"": ""m""}"
runs/100K/v1/m/20260324-143400/report-universal-2026-03-14-21:04:54.json,100K,v1,m,20260324-143400,v1+m,0.9566521346216869,0.8818307513318312,0.9721016613481237,0.9192296777280397,,82528,86711,13895,91,4274,82437,83.93367671966553,62.472662687301636,,4.655068874359131,13.678708553314209,"{""output_mode"": ""tf_idf"", ""output_sequence_length"": ""200""}","{""type"": ""m""}"
runs/100K/v1/m/20260324-143400/report-universal-2026-03-14-21:05:02.json,100K,v1,m,20260324-143400,v1+m,0.8634616721451484,0.9002659372181517,0.5089824823018997,0.4810806905868998,,100426,86711,254,13732,17,86694,6.262603282928467,2.163567543029785,,3.353634834289551,0.033349037170410156,"{""max_features"": ""20000"", ""ngram_range"": ""1 2""}","{""type"": ""m""}"
runs/100K/v1/m/20260324-143400/report-universal-2026-03-14-21:05:15.json,100K,v1,m,20260324-143400,v1+m,0.8611080767053636,0.4305540383526818,0.5,0.4626856911124392,,100697,86711,0,13986,0,86711,11.890914678573608,4.661301612854004,,6.312842607498169,0.07642841339111328,"{""vector_size"": ""100"", ""window"": ""5"", ""min_count"": ""1"", ""sg"": ""1""}","{""type"": ""m""}"
runs/100K/v1/m/20260324-143400/report-universal-2026-03-14-21:36:35.json,100K,v1,m,20260324-143400,v1+m,0.8611080767053636,0.4305540383526818,0.5,0.4626856911124392,,100697,86711,0,13986,0,86711,1873.753164768219,622.7490684986115,,1248.9600501060486,0.3636767864227295,{},"{""type"": ""m""}"
runs/100K/v1/m/20260324-143400/report-universal-2026-03-14-21:37:31.json,100K,v1,m,20260324-143400,v1+m,0.8611080767053636,0.4305540383526818,0.5,0.4626856911124392,,100697,86711,0,13986,0,86711,53.608919620513916,34.78691220283508,,17.91369938850403,0.07497954368591309,"{""vector_size"": ""100"", ""window"": ""5"", ""min_count"": ""1"", ""sg"": ""1""}","{""type"": ""m""}"
runs/100K/v1/m/20260324-143400/report-universal_1-2026-03-24-14_27_50.json,100K,v1,m,20260324-143400,v1+m,0.9102356574674518,0.8029350940379705,0.9318672601993058,0.8469429991139278,0.9631673398208209,78740,86711,13452,534,8505,78206,13.643770217895508,2.120866298675537,3.317129373550415,7.13293981552124,0.007215023040771484,"{""max_features"": 20000, ""ngram_range"": ""1 2""}","{""type"": ""lr"", ""class_weight"": ""balanced"", ""c"": 1.0}"
runs/100K/v1/rf/20260324-143633/report-config-2026-03-24-14_38_34.json,100K,v1,rf,20260324-143633,v1+rf,0.99998,0.9999892344626382,0.9998594123435962,0.999924313461334,0.9999999818375889,7111,7113,92887,0,2,7111,117.77403402328491,59.56621432304382,2.5989370346069336,52.657700061798096,1.2902066707611084,"{""output_mode"": ""tf_idf"", ""output_sequence_length"": 200}","{""type"": ""rf"", ""class_weight"": ""balanced"", ""c"": 1.0}"
runs/100K/v1/svm/20260324-143835/report-config-2026-03-24-14_39_52.json,100K,v1,svm,20260324-143835,v1+svm,0.99998,0.9999892344626382,0.9998594123435962,0.999924313461334,0.9998787099053559,7111,7113,92887,0,2,7111,71.96970701217651,60.685827016830444,2.6473898887634277,4.915393114089966,2.049746513366699,"{""output_mode"": ""tf_idf"", ""output_sequence_length"": 200}","{""type"": ""svm"", ""class_weight"": ""balanced"", ""c"": 1.0}"
runs/100K/v2/c/20260324-144115/report-config-2026-03-24-14_41_21.json,100K,v2,c,20260324-144115,v2+c,0.99442,0.9638306173863573,0.9967367066297679,0.9796117449537856,0.9999310100815593,7663,7113,92333,554,4,7109,4.625588417053223,0.9483315944671631,1.9924805164337158,0.025771617889404297,0.008442401885986328,"{""max_features"": 20000, ""ngram_range"": ""1 2""}","{""type"": ""c"", ""c"": 1.0}"
runs/100K/v2/lr/20260324-144151/report-config-2026-03-24-14_41_57.json,100K,v2,lr,20260324-144151,v2+lr,0.99971,0.9980979452579842,0.9997140744599311,0.9989044652105011,0.9999985076552239,7138,7113,92860,27,2,7111,5.606432676315308,0.9429302215576172,1.9793782234191895,1.010251522064209,0.012891054153442383,"{""max_features"": 20000, ""ngram_range"": ""1 2""}","{""type"": ""lr"", ""class_weight"": ""balanced"", ""c"": 1.0}"
runs/100K/v2/m/20260324-144110/report-config-2026-03-24-14_41_15.json,100K,v2,m,20260324-144110,v2+m,0.99878,0.9919993899191993,0.998888911475865,0.9954158370214691,0.9999310100815594,7221,7113,92772,115,7,7106,4.6343677043914795,0.9506802558898926,1.9974517822265625,0.024744510650634766,0.009312152862548828,"{""max_features"": 20000, ""ngram_range"": ""1 2""}","{""type"": ""m"", ""c"": 1.0}"
runs/100K/v2/rf/20260324-144121/report-config-2026-03-24-14_41_29.json,100K,v2,rf,20260324-144121,v2+rf,0.99996,0.9999784693888536,0.9997188246871924,0.9998486072653383,0.9999996072378606,7109,7113,92887,0,4,7109,7.394700050354004,0.9449529647827148,1.9706323146820068,2.6585588455200195,0.15763163566589355,"{""max_features"": 20000, ""ngram_range"": ""1 2""}","{""type"": ""rf"", ""class_weight"": ""balanced"", ""c"": 1.0}"
runs/100K/v2/svm/20260324-144130/report-config-2026-03-24-14_41_50.json,100K,v2,svm,20260324-144130,v2+svm,0.99998,0.9999892344626382,0.9998594123435962,0.999924313461334,0.9999999394586299,7111,7113,92887,0,2,7111,20.113718271255493,0.9545855522155762,1.9850342273712158,15.506165504455566,0.005625486373901367,"{""max_features"": 20000, ""ngram_range"": ""1 2""}","{""type"": ""svm"", ""class_weight"": ""balanced"", ""c"": 1.0}"
runs/100K/v3/c/20260324-144211/report-config-2026-03-24-14_42_23.json,100K,v3,c,20260324-144211,v3+c,0.92091,0.7353344383210344,0.945418241285273,0.7961222117290938,0.9867903346447093,14652,7113,85163,7724,185,6928,11.945982933044434,3.7409467697143555,6.312370538711548,0.04957699775695801,0.0314023494720459,"{""vector_size"": 100, ""window"": 5, ""min_count"": 1, ""sg"": 1}","{""type"": ""c"", ""c"": 1.0}"
runs/100K/v3/lr/20260324-144309/report-config-2026-03-24-14_43_23.json,100K,v3,lr,20260324-144309,v3+lr,0.99489,0.9670026973073543,0.9966002365433065,0.9812601531944483,0.9999346743479922,7604,7113,92386,501,10,7103,12.45129108428955,3.8467156887054443,6.299223899841309,0.6002306938171387,0.02983379364013672,"{""vector_size"": 100, ""window"": 5, ""min_count"": 1, ""sg"": 1}","{""type"": ""lr"", ""class_weight"": ""balanced"", ""c"": 1.0}"
runs/100K/v3/m/20260324-144157/report-config-2026-03-24-14_42_10.json,100K,v3,m,20260324-144157,v3+m,0.9724,0.9705775014775391,0.815466031931568,0.8753021120339717,0.9877072458050511,4645,7113,92741,146,2614,4499,11.913859367370605,3.8042242527008057,6.202112436294556,0.050115108489990234,0.032071828842163086,"{""vector_size"": 100, ""window"": 5, ""min_count"": 1, ""sg"": 1}","{""type"": ""m"", ""c"": 1.0}"
runs/100K/v3/rf/20260324-144224/report-config-2026-03-24-14_42_39.json,100K,v3,rf,20260324-144224,v3+rf,0.99995,0.9999730870257935,0.9996485308589906,0.9998107467932333,0.9999997790239986,7108,7113,92887,0,5,7108,14.478667974472046,3.710953712463379,6.179306268692017,2.7827067375183105,0.13210368156433105,"{""vector_size"": 100, ""window"": 5, ""min_count"": 1, ""sg"": 1}","{""type"": ""rf"", ""class_weight"": ""balanced"", ""c"": 1.0}"
runs/100K/v3/svm/20260324-144239/report-config-2026-03-24-14_43_09.json,100K,v3,svm,20260324-144239,v3+svm,0.99935,0.9958510222385428,0.9992606468405576,0.9975489365739105,0.9999577103393631,7166,7113,92828,59,6,7107,28.571613311767578,3.7351620197296143,6.860575199127197,16.23433780670166,0.027973651885986328,"{""vector_size"": 100, ""window"": 5, ""min_count"": 1, ""sg"": 1}","{""type"": ""svm"", ""class_weight"": ""balanced"", ""c"": 1.0}"
runs/100K/v4/c/20260324-151426/report-config-2026-03-24-15_45_22.json,100K,v4,c,20260324-151426,v4+c,0.90232,0.710295856034225,0.9450831894503344,0.7680987613701868,0.9821942441984389,16809,7113,83155,9732,36,7077,1849.2209210395813,615.0255308151245,1231.3265962600708,0.2130434513092041,0.15562844276428223,{},"{""type"": ""c"", ""c"": 1.0}"
runs/100K/v4/lr/20260324-164954/report-config-2026-03-24-17_20_38.json,100K,v4,lr,20260324-164954,v4+lr,0.99964,0.9975460353206658,0.9997413052114915,0.9986408182515758,0.9998848488002966,7147,7113,92852,35,1,7112,1837.4602880477905,612.5417008399963,1221.6138410568237,1.4605684280395508,0.15365886688232422,{},"{""type"": ""lr"", ""class_weight"": ""balanced"", ""c"": 1.0}"
runs/100K/v4/m/20260324-144323/report-config-2026-03-24-15_14_24.json,100K,v4,m,20260324-144323,v4+m,0.93987,0.7707917771883289,0.9635433255711578,0.8338062944635205,0.9821942441984389,13000,7113,86937,5950,63,7050,1852.6575467586517,610.5721831321716,1239.268426656723,0.2077498435974121,0.15629172325134277,{},"{""type"": ""m"", ""c"": 1.0}"
runs/100K/v4/rf/20260324-154524/report-config-2026-03-24-16_16_30.json,100K,v4,rf,20260324-154524,v4+rf,0.99995,0.9999730870257935,0.9996485308589906,0.9998107467932333,0.999999993945863,7108,7113,92887,0,5,7108,1859.6193096637726,613.7715198993683,1234.8435747623444,8.869881629943848,0.4187145233154297,{},"{""type"": ""rf"", ""class_weight"": ""balanced"", ""c"": 1.0}"
runs/100K/v4/svm/20260324-161631/report-config-2026-03-24-16_49_53.json,100K,v4,svm,20260324-161631,v4+svm,0.99998,0.9999243232872179,0.9999243232872179,0.9999243232872179,0.9998924089039034,7113,7113,92886,1,1,7112,1994.9744186401367,611.9243957996368,1240.980798482895,140.16637873649597,0.17354774475097656,{},"{""type"": ""svm"", ""class_weight"": ""balanced"", ""c"": 1.0}"
runs/100K/v5/c/20260324-172059/report-config-2026-03-24-17_21_19.json,100K,v5,c,20260324-172059,v5+c,0.90042,0.7071413658035434,0.9393219424957149,0.7639630416999956,0.9843365157192165,16853,7113,83038,9849,109,7004,18.756279706954956,9.35588550567627,7.4925806522369385,0.05066728591918945,0.03123188018798828,"{""vector_size"": 100, ""window"": 5, ""min_count"": 1, ""sg"": 1}","{""type"": ""c"", ""c"": 1.0}"
runs/100K/v5/lr/20260324-172235/report-config-2026-03-24-17_22_55.json,100K,v5,lr,20260324-172235,v5+lr,0.99671,0.9782874473803167,0.9977746543677659,0.98780017194408,0.9999360804213158,7428,7113,92565,322,7,7106,18.38889789581299,9.309305906295776,6.787107467651367,0.5710327625274658,0.038683176040649414,"{""vector_size"": 100, ""window"": 5, ""min_count"": 1, ""sg"": 1}","{""type"": ""lr"", ""class_weight"": ""balanced"", ""c"": 1.0}"
runs/100K/v5/m/20260324-172040/report-config-2026-03-24-17_20_59.json,100K,v5,m,20260324-172040,v5+m,0.96997,0.9615292481928108,0.8029933086756506,0.8632211172460699,0.9843431934323523,4544,7113,92670,217,2786,4327,18.06358551979065,9.26924443244934,6.840646982192993,0.05115151405334473,0.032778024673461914,"{""vector_size"": 100, ""window"": 5, ""min_count"": 1, ""sg"": 1}","{""type"": ""m"", ""c"": 1.0}"
runs/100K/v5/rf/20260324-172119/report-config-2026-03-24-17_21_40.json,100K,v5,rf,20260324-172119,v5+rf,0.99998,0.9999892344626382,0.9998594123435962,0.999924313461334,0.9999999651887121,7111,7113,92887,0,2,7111,20.467204332351685,9.438978433609009,6.628384113311768,2.598325729370117,0.13559794425964355,"{""vector_size"": 100, ""window"": 5, ""min_count"": 1, ""sg"": 1}","{""type"": ""rf"", ""class_weight"": ""balanced"", ""c"": 1.0}"
runs/100K/v5/svm/20260324-172141/report-config-2026-03-24-17_22_35.json,100K,v5,svm,20260324-172141,v5+svm,0.99908,0.9938024222957839,0.9993100417877576,0.996538186547747,0.9999981292716601,7199,7113,92798,89,3,7110,53.46031832695007,9.34857439994812,6.642127275466919,35.65991425514221,0.027493715286254883,"{""vector_size"": 100, ""window"": 5, ""min_count"": 1, ""sg"": 1}","{""type"": ""svm"", ""class_weight"": ""balanced"", ""c"": 1.0}"
runs/hdfs_df-100K/v1/c/20260324-172422/report-config-2026-03-24-17_25_50.json,hdfs_df-100K,v1,c,20260324-172422,v1+c,0.9556094024648202,0.8795266817966674,0.9718859906437031,0.9175585428105714,0.964122283548308,82397,86711,13908,78,4392,82319,78.75874352455139,61.37015724182129,4.709300518035889,6.313836574554443,5.693544387817383,"{""output_mode"": ""tf_idf"", ""output_sequence_length"": 200}","{""type"": ""c"", ""c"": 1.0}"
runs/hdfs_df-100K/v1/lr/20260324-173659/report-config-2026-03-24-17_41_13.json,hdfs_df-100K,v1,lr,20260324-173659,v1+lr,0.9602967317794969,0.8901981278981226,0.9727486825317551,0.925140830662003,0.9825952659272539,82993,86711,13846,140,3858,82853,246.62078976631165,60.757362604141235,4.5815980434417725,175.13123559951782,5.47889256477356,"{""output_mode"": ""tf_idf"", ""output_sequence_length"": 200}","{""type"": ""lr"", ""class_weight"": ""balanced"", ""c"": 1.0}"
runs/hdfs_df-100K/v1/m/20260324-172255/report-config-2026-03-24-17_24_22.json,hdfs_df-100K,v1,m,20260324-172255,v1+m,0.9566521346216869,0.8818307513318312,0.9721016613481237,0.9192296777280397,0.9641243000563042,82528,86711,13895,91,4274,82437,78.67775344848633,61.37347626686096,4.550561904907227,6.398932695388794,5.680747747421265,"{""output_mode"": ""tf_idf"", ""output_sequence_length"": 200}","{""type"": ""m"", ""c"": 1.0}"
runs/hdfs_df-100K/v1/rf/20260324-172550/report-config-2026-03-24-17_35_24.json,hdfs_df-100K,v1,rf,20260324-172550,v1+rf,0.9344469050716506,0.8398400458469615,0.9600478019507901,0.8844163937431797,0.993192571625527,80236,86711,13923,63,6538,80173,562.6995050907135,60.94397735595703,4.602360486984253,487.70452332496643,8.75963044166565,"{""output_mode"": ""tf_idf"", ""output_sequence_length"": 200}","{""type"": ""rf"", ""class_weight"": ""balanced"", ""c"": 1.0}"
runs/hdfs_df-100K/v1/svm/20260324-173525/report-config-2026-03-24-17_36_58.json,hdfs_df-100K,v1,svm,20260324-173525,v1+svm,0.9602172855199261,0.8899127446064911,0.9730323735842067,0.9250487293034795,0.9825071497638993,82963,86711,13857,129,3877,82834,84.85129642486572,61.72425055503845,4.616857290267944,12.534267663955688,5.305856943130493,"{""output_mode"": ""tf_idf"", ""output_sequence_length"": 200}","{""type"": ""svm"", ""class_weight"": ""balanced"", ""c"": 1.0}"
runs/hdfs_df-100K/v2/c/20260324-174121/report-config-2026-03-24-17_41_28.json,hdfs_df-100K,v2,c,20260324-174121,v2+c,0.5790837860114999,0.5361902016181159,0.5745542651932845,0.48829149070163647,0.6386201969288313,56402,86711,7948,6038,36347,50364,6.204787254333496,2.13419246673584,3.3631603717803955,0.021831750869750977,0.012355327606201172,"{""max_features"": 20000, ""ngram_range"": ""1 2""}","{""type"": ""c"", ""c"": 1.0}"
runs/hdfs_df-100K/v2/lr/20260324-174308/report-config-2026-03-24-17_43_22.json,hdfs_df-100K,v2,lr,20260324-174308,v2+lr,0.9102356574674518,0.8029350940379705,0.9318672601993058,0.8469429991139278,0.9631673398208209,78740,86711,13452,534,8505,78206,12.643835544586182,2.12937593460083,3.3399038314819336,6.484762191772461,0.0069544315338134766,"{""max_features"": 20000, ""ngram_range"": ""1 2""}","{""type"": ""lr"", ""class_weight"": ""balanced"", ""c"": 1.0}"
runs/hdfs_df-100K/v2/m/20260324-174114/report-config-2026-03-24-17_41_21.json,hdfs_df-100K,v2,m,20260324-174114,v2+m,0.8634616721451484,0.9002659372181517,0.5089824823018997,0.4810806905868998,0.6386201969288313,100426,86711,254,13732,17,86694,6.180505990982056,2.1397452354431152,3.336223602294922,0.022989511489868164,0.012535810470581055,"{""max_features"": 20000, ""ngram_range"": ""1 2""}","{""type"": ""m"", ""c"": 1.0}"
runs/hdfs_df-100K/v2/rf/20260324-174128/report-config-2026-03-24-17_42_56.json,hdfs_df-100K,v2,rf,20260324-174128,v2+rf,0.9211992412882211,0.8193602836732442,0.9330160612177888,0.861198699864363,0.973428439090235,80192,86711,13278,708,7227,79484,86.29889178276062,2.1428873538970947,3.356887102127075,79.79024052619934,0.336850643157959,"{""max_features"": 20000, ""ngram_range"": ""1 2""}","{""type"": ""rf"", ""class_weight"": ""balanced"", ""c"": 1.0}"
runs/hdfs_df-100K/v2/svm/20260324-174256/report-config-2026-03-24-17_43_08.json,hdfs_df-100K,v2,svm,20260324-174256,v2+svm,0.9125693913423438,0.806430188997888,0.9390391846596942,0.8514167378415807,0.9686432008859382,78587,86711,13646,340,8464,78247,11.454705476760864,2.1075873374938965,3.3011844158172607,5.3668622970581055,0.0073435306549072266,"{""max_features"": 20000, ""ngram_range"": ""1 2""}","{""type"": ""svm"", ""class_weight"": ""balanced"", ""c"": 1.0}"
runs/hdfs_df-100K/v3/c/20260324-174335/report-config-2026-03-24-17_43_48.json,hdfs_df-100K,v3,c,20260324-174335,v3+c,0.6249739316960783,0.5202989065495789,0.5387440891846331,0.49419374790456777,0.5604837959643002,65189,86711,5865,8121,29643,57068,11.670461177825928,4.549757719039917,6.238719940185547,0.043695926666259766,0.03173518180847168,"{""vector_size"": 100, ""window"": 5, ""min_count"": 1, ""sg"": 1}","{""type"": ""c"", ""c"": 1.0}"
runs/hdfs_df-100K/v3/lr/20260324-174446/report-config-2026-03-24-17_45_03.json,hdfs_df-100K,v3,lr,20260324-174446,v3+lr,0.7959224207275292,0.43741991613944514,0.4667376453568517,0.45042279238752975,0.29652120764551715,93827,86711,153,13833,6717,79994,16.510484218597412,4.577842950820923,6.20589542388916,5.024103403091431,0.0299074649810791,"{""vector_size"": 100, ""window"": 5, ""min_count"": 1, ""sg"": 1}","{""type"": ""lr"", ""class_weight"": ""balanced"", ""c"": 1.0}"
runs/hdfs_df-100K/v3/m/20260324-174322/report-config-2026-03-24-17_43_35.json,hdfs_df-100K,v3,m,20260324-174322,v3+m,0.8611080767053636,0.4305540383526818,0.5,0.4626856911124392,0.5587964830016012,100697,86711,0,13986,0,86711,11.849122285842896,4.578906774520874,6.387305736541748,0.04388880729675293,0.032694101333618164,"{""vector_size"": 100, ""window"": 5, ""min_count"": 1, ""sg"": 1}","{""type"": ""m"", ""c"": 1.0}"
runs/hdfs_df-100K/v3/rf/20260324-174348/report-config-2026-03-24-17_44_27.json,hdfs_df-100K,v3,rf,20260324-174348,v3+rf,0.8601646523729605,0.610024546960897,0.5030502538546501,0.4707442622548907,0.7979240849609085,100362,86711,120,13866,215,86496,37.89029359817505,4.685977220535278,6.366745471954346,26.015749216079712,0.14953994750976562,"{""vector_size"": 100, ""window"": 5, ""min_count"": 1, ""sg"": 1}","{""type"": ""rf"", ""class_weight"": ""balanced"", ""c"": 1.0}"
runs/hdfs_df-100K/v3/svm/20260324-174427/report-config-2026-03-24-17_44_45.json,hdfs_df-100K,v3,svm,20260324-174427,v3+svm,0.8011360815118623,0.4391446033907703,0.4699148617048307,0.4524660767448825,0.2993826390886741,94342,86711,158,13828,6197,80514,17.43973445892334,4.641669511795044,6.306047677993774,5.7895166873931885,0.0290372371673584,"{""vector_size"": 100, ""window"": 5, ""min_count"": 1, ""sg"": 1}","{""type"": ""svm"", ""class_weight"": ""balanced"", ""c"": 1.0}"
runs/hdfs_df-100K/v4/c/20260324-181613/report-config-2026-03-24-18_47_28.json,hdfs_df-100K,v4,c,20260324-181613,v4+c,0.5132824215219918,0.5220058282205395,0.5459716719043679,0.44575680805431683,0.5663172204672129,49134,86711,8269,5717,43294,43417,1868.4609770774841,622.949170589447,1243.615181684494,0.21442461013793945,0.15343379974365234,{},"{""type"": ""c"", ""c"": 1.0}"
runs/hdfs_df-100K/v4/lr/20260324-195358/report-config-2026-03-24-20_25_47.json,hdfs_df-100K,v4,lr,20260324-195358,v4+lr,0.6247951776120441,0.570224290987106,0.643223632362842,0.5352077168015701,0.695421510802489,58195,86711,9353,4633,33149,53562,1902.4846880435944,622.4676284790039,1247.632651567459,31.49840807914734,0.19873332977294922,{},"{""type"": ""lr"", ""class_weight"": ""balanced"", ""c"": 1.0}"
runs/hdfs_df-100K/v4/m/20260324-174503/report-config-2026-03-24-18_16_12.json,hdfs_df-100K,v4,m,20260324-174503,v4+m,0.8611080767053636,0.4305540383526818,0.5,0.4626856911124392,0.5663172204672129,100697,86711,0,13986,0,86711,1862.160218000412,617.0554645061493,1243.3849382400513,0.17792701721191406,0.15144634246826172,{},"{""type"": ""m"", ""c"": 1.0}"
runs/hdfs_df-100K/v4/rf/20260324-184730/report-config-2026-03-24-19_20_22.json,hdfs_df-100K,v4,rf,20260324-184730,v4+rf,0.860780360884634,0.5407474044410222,0.5001995015343956,0.46351146545090627,0.6719077729704986,100638,86711,13,13973,46,86665,1965.1144378185272,620.4474446773529,1247.6823463439941,95.4509482383728,0.8529567718505859,{},"{""type"": ""rf"", ""class_weight"": ""balanced"", ""c"": 1.0}"
runs/hdfs_df-100K/v4/svm/20260324-192023/report-config-2026-03-24-19_53_56.json,hdfs_df-100K,v4,svm,20260324-192023,v4+svm,0.6268905727082237,0.5742109043224273,0.6516064350364497,0.5391286107794273,0.7050991602201944,57928,86711,9592,4394,33177,53534,2006.9135546684265,617.7207765579224,1235.5315053462982,152.78705978393555,0.18999195098876953,{},"{""type"": ""svm"", ""class_weight"": ""balanced"", ""c"": 1.0}"
runs/hdfs_df-100K/v5/c/20260324-202641/report-config-2026-03-24-20_27_35.json,hdfs_df-100K,v5,c,20260324-202641,v5+c,0.43780847492973973,0.5288551967278405,0.5566284177936679,0.4042063078830422,0.548966145874266,37900,86711,10086,3900,52711,34000,52.545082330703735,34.56102156639099,17.098293781280518,0.04528331756591797,0.034765005111694336,"{""vector_size"": 100, ""window"": 5, ""min_count"": 1, ""sg"": 1}","{""type"": ""c"", ""c"": 1.0}"
runs/hdfs_df-100K/v5/lr/20260324-203019/report-config-2026-03-24-20_31_19.json,hdfs_df-100K,v5,lr,20260324-203019,v5+lr,0.5949631071432118,0.5687520515505168,0.6429324965986981,0.5187656323770754,0.6775795329842682,54055,86711,9921,4065,36721,49990,58.72319841384888,34.16417646408081,16.8537700176239,6.998614072799683,0.030626535415649414,"{""vector_size"": 100, ""window"": 5, ""min_count"": 1, ""sg"": 1}","{""type"": ""lr"", ""class_weight"": ""balanced"", ""c"": 1.0}"
runs/hdfs_df-100K/v5/m/20260324-202548/report-config-2026-03-24-20_26_41.json,hdfs_df-100K,v5,m,20260324-202548,v5+m,0.8611080767053636,0.4305540383526818,0.5,0.4626856911124392,0.5503798684652326,100697,86711,0,13986,0,86711,51.98792052268982,34.07268190383911,17.028016567230225,0.045874834060668945,0.03618216514587402,"{""vector_size"": 100, ""window"": 5, ""min_count"": 1, ""sg"": 1}","{""type"": ""m"", ""c"": 1.0}"
runs/hdfs_df-100K/v5/rf/20260324-202735/report-config-2026-03-24-20_29_06.json,hdfs_df-100K,v5,rf,20260324-202735,v5+rf,0.8641568269163927,0.7332202044094176,0.5298350426534855,0.5233864854550528,0.776978370268149,99132,86711,936,13050,629,86082,89.94091272354126,35.087292432785034,17.134053707122803,36.72944712638855,0.3184082508087158,"{""vector_size"": 100, ""window"": 5, ""min_count"": 1, ""sg"": 1}","{""type"": ""rf"", ""class_weight"": ""balanced"", ""c"": 1.0}"
runs/hdfs_df-100K/v5/svm/20260324-202907/report-config-2026-03-24-20_30_19.json,hdfs_df-100K,v5,svm,20260324-202907,v5+svm,0.5930266045661737,0.5722744185638835,0.6505633281446039,0.51994223753094,0.6883779634007401,53276,86711,10213,3773,37208,49503,71.38367366790771,34.613786697387695,16.67554545402527,19.39425277709961,0.027220964431762695,"{""vector_size"": 100, ""window"": 5, ""min_count"": 1, ""sg"": 1}","{""type"": ""svm"", ""class_weight"": ""balanced"", ""c"": 1.0}"
runs/tb_df-100K/v1/c/20260324-203246/report-config-2026-03-24-20_34_13.json,tb_df-100K,v1,c,20260324-203246,v1+c,0.9880677520799331,0.8786099870679747,0.9932885113857137,0.9276163659916492,0.9937238170482525,4923,3732,95557,1195,4,3728,78.41360878944397,61.442214012145996,4.421388387680054,6.3694908618927,5.59143590927124,"{""output_mode"": ""tf_idf"", ""output_sequence_length"": 200}","{""type"": ""c"", ""c"": 1.0}"
runs/tb_df-100K/v1/lr/20260324-203953/report-config-2026-03-24-20_43_14.json,tb_df-100K,v1,lr,20260324-203953,v1+lr,0.992784920982445,0.926383638163732,0.9828572163196085,0.9527012617492518,0.9992074672722657,4249,3732,96131,621,104,3628,193.29653811454773,60.7369704246521,4.409373998641968,121.70488166809082,5.859534025192261,"{""output_mode"": ""tf_idf"", ""output_sequence_length"": 200}","{""type"": ""lr"", ""class_weight"": ""balanced"", ""c"": 1.0}"
runs/tb_df-100K/v1/m/20260324-203119/report-config-2026-03-24-20_32_45.json,tb_df-100K,v1,m,20260324-203119,v1+m,0.9880478484136778,0.87859724438536,0.9928917499770908,0.9274636105416221,0.9937289752068957,4919,3732,95558,1194,7,3725,78.35939908027649,60.68460702896118,4.445144891738892,6.201543092727661,6.019497632980347,"{""output_mode"": ""tf_idf"", ""output_sequence_length"": 200}","{""type"": ""m"", ""c"": 1.0}"
runs/tb_df-100K/v1/rf/20260324-203413/report-config-2026-03-24-20_38_11.json,tb_df-100K,v1,rf,20260324-203413,v1+rf,0.9928545838143386,0.9366765209388833,0.9680804059252894,0.9517835816726905,0.9990348441273972,4012,3732,96253,499,219,3513,233.18786430358887,61.0105094909668,4.453969717025757,164.1216733455658,3.003396511077881,"{""output_mode"": ""tf_idf"", ""output_sequence_length"": 200}","{""type"": ""rf"", ""class_weight"": ""balanced"", ""c"": 1.0}"
runs/tb_df-100K/v1/svm/20260324-203812/report-config-2026-03-24-20_39_52.json,tb_df-100K,v1,svm,20260324-203812,v1+svm,0.9918295450021894,0.9254747244141546,0.9679345428920403,0.945601306908048,0.9966094197742017,4121,3732,96147,605,216,3516,92.49381399154663,60.7417516708374,4.4368462562561035,21.500755548477173,5.226805210113525,"{""output_mode"": ""tf_idf"", ""output_sequence_length"": 200}","{""type"": ""svm"", ""class_weight"": ""balanced"", ""c"": 1.0}"
runs/tb_df-100K/v2/c/20260324-204321/report-config-2026-03-24-20_43_27.json,tb_df-100K,v2,c,20260324-204321,v2+c,0.980822817562995,0.8298780533359149,0.9892686981187557,0.8922415035631734,0.9958765652110452,5647,3732,94831,1921,6,3726,5.270108699798584,1.9196364879608154,2.7243731021881104,0.024616479873657227,0.008901834487915039,"{""max_features"": 20000, ""ngram_range"": ""1 2""}","{""type"": ""c"", ""c"": 1.0}"
runs/tb_df-100K/v2/lr/20260324-204355/report-config-2026-03-24-20_44_03.json,tb_df-100K,v2,lr,20260324-204355,v2+lr,0.9883464034075077,0.8806794748292236,0.9936908283735248,0.9291189968193976,0.99598364719974,4899,3732,95583,1169,2,3730,7.657938003540039,1.9401769638061523,2.717538833618164,2.405278444290161,0.004761934280395508,"{""max_features"": 20000, ""ngram_range"": ""1 2""}","{""type"": ""lr"", ""class_weight"": ""balanced"", ""c"": 1.0}"
runs/tb_df-100K/v2/m/20260324-204315/report-config-2026-03-24-20_43_21.json,tb_df-100K,v2,m,20260324-204315,v2+m,0.9872517017634649,0.8725378599309954,0.9924783218309027,0.9233088807532237,0.9958765652110452,4999,3732,95478,1274,7,3725,5.229055404663086,1.9061994552612305,2.69311785697937,0.025349855422973633,0.010233879089355469,"{""max_features"": 20000, ""ngram_range"": ""1 2""}","{""type"": ""m"", ""c"": 1.0}"
runs/tb_df-100K/v2/rf/20260324-204327/report-config-2026-03-24-20_43_42.json,tb_df-100K,v2,rf,20260324-204327,v2+rf,0.9903566736992954,0.9124718782186632,0.9639494866135245,0.9365541270517077,0.9982288558754919,4219,3732,96024,728,241,3491,14.377262830734253,1.9254136085510254,2.6729466915130615,9.006468772888184,0.18346405029296875,"{""max_features"": 20000, ""ngram_range"": ""1 2""}","{""type"": ""rf"", ""class_weight"": ""balanced"", ""c"": 1.0}"
runs/tb_df-100K/v2/svm/20260324-204343/report-config-2026-03-24-20_43_55.json,tb_df-100K,v2,svm,20260324-204343,v2+svm,0.988396162573146,0.8809718252347898,0.9939742847693072,0.9294138371486744,0.9984640443690378,4898,3732,95586,1166,0,3732,11.176839828491211,1.9221923351287842,2.718285083770752,5.9348180294036865,0.006169319152832031,"{""max_features"": 20000, ""ngram_range"": ""1 2""}","{""type"": ""svm"", ""class_weight"": ""balanced"", ""c"": 1.0}"
runs/tb_df-100K/v3/c/20260324-204420/report-config-2026-03-24-20_44_36.json,tb_df-100K,v3,c,20260324-204420,v3+c,0.8813641972851399,0.6153550225922488,0.9167541988879182,0.6543318534691664,0.9696206376351484,15317,3732,84999,11753,168,3564,14.684037685394287,7.85112738609314,5.974795818328857,0.0492703914642334,0.012039661407470703,"{""vector_size"": 100, ""window"": 5, ""min_count"": 1, ""sg"": 1}","{""type"": ""c"", ""c"": 1.0}"
runs/tb_df-100K/v3/lr/20260324-204524/report-config-2026-03-24-20_45_41.json,tb_df-100K,v3,lr,20260324-204524,v3+lr,0.9857987341268262,0.8619269550607831,0.9918526240324319,0.9159274275168385,0.9938523154346863,5147,3732,95331,1421,6,3726,15.482182264328003,7.802006721496582,5.899423837661743,1.1820924282073975,0.008851289749145508,"{""vector_size"": 100, ""window"": 5, ""min_count"": 1, ""sg"": 1}","{""type"": ""lr"", ""class_weight"": ""balanced"", ""c"": 1.0}"
runs/tb_df-100K/v3/m/20260324-204403/report-config-2026-03-24-20_44_20.json,tb_df-100K,v3,m,20260324-204403,v3+m,0.9575056725448827,0.5778624503440322,0.5187307266267756,0.5254001412048098,0.9594691986393296,872,3732,96047,705,3565,167,15.539233207702637,7.8093180656433105,6.865190267562866,0.04971742630004883,0.013843059539794922,"{""vector_size"": 100, ""window"": 5, ""min_count"": 1, ""sg"": 1}","{""type"": ""m"", ""c"": 1.0}"
runs/tb_df-100K/v3/rf/20260324-204436/report-config-2026-03-24-20_45_00.json,tb_df-100K,v3,rf,20260324-204436,v3+rf,0.9771406393057601,0.8922324630933127,0.7522809557537056,0.8057967381067501,0.9962985441302863,2367,3732,96286,466,1831,1901,23.213135957717896,7.818084239959717,5.911399602890015,8.745556831359863,0.14099979400634766,"{""vector_size"": 100, ""window"": 5, ""min_count"": 1, ""sg"": 1}","{""type"": ""rf"", ""class_weight"": ""balanced"", ""c"": 1.0}"
runs/tb_df-100K/v3/svm/20260324-204500/report-config-2026-03-24-20_45_24.json,tb_df-100K,v3,svm,20260324-204500,v3+svm,0.9865849289439115,0.8675280390255293,0.9923896928951155,0.9199191097379327,0.9941164657773663,5070,3732,95409,1343,5,3727,22.89394211769104,7.857463359832764,6.03023362159729,8.406699180603027,0.009294271469116211,"{""vector_size"": 100, ""window"": 5, ""min_count"": 1, ""sg"": 1}","{""type"": ""svm"", ""class_weight"": ""balanced"", ""c"": 1.0}"
runs/tb_df-100K/v4/c/20260324-211709/report-config-2026-03-24-21_48_24.json,tb_df-100K,v4,c,20260324-211709,v4+c,0.7658433183392381,0.5683083592493637,0.8775039543759664,0.5510353257817784,0.9688276673293923,27247,3732,73230,23522,7,3725,1867.6641449928284,623.5530197620392,1242.3206851482391,0.19939422607421875,0.15405988693237305,{},"{""type"": ""c"", ""c"": 1.0}"
runs/tb_df-100K/v4/lr/20260324-225357/report-config-2026-03-24-23_25_32.json,tb_df-100K,v4,lr,20260324-225357,v4+lr,0.9880080410811671,0.8781490838474174,0.9932575042747496,0.9273022733303269,0.9967395756951043,4929,3732,95551,1201,4,3728,1888.70059299469,627.7706696987152,1257.7365672588348,2.430860996246338,0.1626112461090088,{},"{""type"": ""lr"", ""class_weight"": ""balanced"", ""c"": 1.0}"
runs/tb_df-100K/v4/m/20260324-204541/report-config-2026-03-24-21_17_08.json,tb_df-100K,v4,m,20260324-204541,v4+m,0.9268639783448112,0.6457408997083626,0.8369483370794443,0.6949781133655978,0.9688276673293923,9139,3732,90374,6378,971,2761,1880.2888572216034,626.5041410923004,1252.1048822402954,0.17595577239990234,0.1543107032775879,{},"{""type"": ""m"", ""c"": 1.0}"
runs/tb_df-100K/v4/rf/20260324-214825/report-config-2026-03-24-22_20_49.json,tb_df-100K,v4,rf,20260324-214825,v4+rf,0.9869630986027627,0.9001737699672474,0.9234158700752643,0.9114355463728907,0.9967100585649993,3958,3732,95984,768,542,3190,1937.5219204425812,624.6034243106842,1260.630964756012,51.24203395843506,0.4431581497192383,{},"{""type"": ""rf"", ""class_weight"": ""balanced"", ""c"": 1.0}"
runs/tb_df-100K/v4/svm/20260324-222051/report-config-2026-03-24-22_53_56.json,tb_df-100K,v4,svm,20260324-222051,v4+svm,0.9883563552406354,0.8806609547123623,0.9939536133619977,0.929203030404176,0.9974004708295203,4902,3732,95582,1170,0,3732,1978.5581481456757,626.0440380573273,1243.4000985622406,108.2782244682312,0.23259329795837402,{},"{""type"": ""svm"", ""class_weight"": ""balanced"", ""c"": 1.0}"
runs/tb_df-100K/v5/c/20260324-232626/report-config-2026-03-24-23_27_19.json,tb_df-100K,v5,c,20260324-232626,v5+c,0.8563353369690697,0.6023063318322202,0.9230783367905321,0.6295676691508133,0.9886883062624306,18132,3732,82334,14418,18,3714,52.282819509506226,34.79449939727783,16.683704137802124,0.04928112030029297,0.03096318244934082,"{""vector_size"": 100, ""window"": 5, ""min_count"": 1, ""sg"": 1}","{""type"": ""c"", ""c"": 1.0}"
runs/tb_df-100K/v5/lr/20260324-232917/report-config-2026-03-24-23_30_10.json,tb_df-100K,v5,lr,20260324-232917,v5+lr,0.986097289120656,0.864167256279289,0.9916212338822843,0.9173753152569463,0.9955110172397322,5111,3732,95364,1388,9,3723,52.440396785736084,34.84550738334656,15.718865394592285,1.25754714012146,0.02884817123413086,"{""vector_size"": 100, ""window"": 5, ""min_count"": 1, ""sg"": 1}","{""type"": ""lr"", ""class_weight"": ""balanced"", ""c"": 1.0}"
runs/tb_df-100K/v5/m/20260324-232534/report-config-2026-03-24-23_26_26.json,tb_df-100K,v5,m,20260324-232534,v5+m,0.9765435293181004,0.915341904478822,0.721572062519907,0.7867380977245859,0.9869520409835355,1955,3732,96462,290,2067,1665,51.00538086891174,34.411479473114014,15.786238431930542,0.05036306381225586,0.032659053802490234,"{""vector_size"": 100, ""window"": 5, ""min_count"": 1, ""sg"": 1}","{""type"": ""m"", ""c"": 1.0}"
runs/tb_df-100K/v5/rf/20260324-232719/report-config-2026-03-24-23_28_22.json,tb_df-100K,v5,rf,20260324-232719,v5+rf,0.9871123760996776,0.8984897660418025,0.9292897734271961,0.9132616098480324,0.9970012501216357,4033,3732,95954,798,497,3235,61.03215312957764,35.02227234840393,15.866089344024658,9.418980360031128,0.13214755058288574,"{""vector_size"": 100, ""window"": 5, ""min_count"": 1, ""sg"": 1}","{""type"": ""rf"", ""class_weight"": ""balanced"", ""c"": 1.0}"
runs/tb_df-100K/v5/svm/20260324-232822/report-config-2026-03-24-23_29_17.json,tb_df-100K,v5,svm,20260324-232822,v5+svm,0.9871720870984435,0.8720296241521748,0.9921793618796384,0.9228636687320494,0.9953869860263944,5003,3732,95472,1280,9,3723,53.77862596511841,34.537991762161255,15.57290768623352,3.049710988998413,0.027104854583740234,"{""vector_size"": 100, ""window"": 5, ""min_count"": 1, ""sg"": 1}","{""type"": ""svm"", ""class_weight"": ""balanced"", ""c"": 1.0}"
